<?xml version="1.0" encoding="UTF-8" standalone="yes"?>
<addon id="plugin.video.xvideos" name="Erotic Xvideos" version="1.0.0" provider-name="Xvideos">
	<requires>
		<import addon="xbmc.python" version="2.1.0"/>
	</requires>
	<extension point="xbmc.python.pluginsource" library="default.py">
		<provides>video</provides>
	</extension>
	<extension point="xbmc.addon.metadata">
		<platform>all</platform>
		<summary lang="en">Xvideos Video Addon</summary>
		<description lang="en">Xvideos is a adult addon. </description>
	</extension>
</addon>