<?xml version="1.0" encoding="UTF-8" standalone="yes"?>
<addon id="plugin.video.xrysoi"
	   name="xrysoi movies"
	   version="2.0"
	   provider-name="">
	<requires>
		<import addon="xbmc.python" version="2.19.0" />
                <import addon="script.module.resolveurl"/>
	</requires>	   
	   
  <extension point="xbmc.python.pluginsource"
			 library="default.py">
    	<provides>video</provides>
  </extension>
  <extension point="xbmc.addon.metadata">
    <summary>Videos from xrysoi.net</summary>
    <description>Videos from xrysoi.net</description>
    <platform>all</platform>
  </extension>
</addon>






