<?xml version="1.0" encoding="UTF-8" standalone="yes"?>
<addon id="repository.linuxsat" name="Linuxsat-support Repository" version="1.0.4" provider-name="Linuxsat-support Team">
	<extension point="xbmc.addon.repository" name="Linuxsat-support Repository">
           <dir>
		<info compressed="false">http://patbuweb.com/repo/repo-linuxsat/addons.xml</info>
		<checksum>http://patbuweb.com/repo/repo-linuxsat/addons.xml.md5</checksum>
		<datadir zip="true">http://patbuweb.com/repo/repo-linuxsat/</datadir>
            </dir>
	</extension>

	<extension point="xbmc.addon.metadata">
		<summary>Free video mediaitems from popular websites</summary>
		<description>Free video mediaitems from popular websites</description>
		<platform>all</platform>
	</extension>
</addon>



