<keymap>
    <map context="ChessboardActions">
        <key id="KEY_ENTER" mapto="ok" flags="m" />
        <key id="KEY_OK" mapto="ok" flags="m" />
        <key id="KEY_EXIT" mapto="cancel" flags="m" />
        <key id="KEY_ESC" mapto="cancel" flags="m" />
        
        <key id="KEY_LEFT" mapto="left" flags="mr" />
        <key id="KEY_RIGHT" mapto="right" flags="mr" />
        <key id="KEY_UP" mapto="up" flags="mr" />
        <key id="KEY_DOWN" mapto="down" flags="mr" />
        
        <key id="KEY_RED" mapto="red" flags="m" />
        <key id="KEY_GREEN" mapto="green" flags="m" />
        <key id="KEY_YELLOW" mapto="yellow" flags="m" />
        <key id="KEY_BLUE" mapto="blue" flags="m" />
        
        <key id="KEY_CHANNELUP" mapto="nextBouquet" flags="m" />
        <key id="KEY_CHANNELDOWN" mapto="prevBouquet" flags="m" />
        
        <key id="KEY_MENU" mapto="menu" flags="mr" />
        <key id="KEY_INFO" mapto="eventview" flags="b" />
        
        <key id="KEY_1" mapto="1" flags="m" />
        <key id="KEY_2" mapto="2" flags="m" />
        <key id="KEY_3" mapto="3" flags="m" />
        <key id="KEY_4" mapto="4" flags="m" />
        <key id="KEY_5" mapto="5" flags="m" />
        <key id="KEY_6" mapto="6" flags="m" />
        <key id="KEY_7" mapto="7" flags="m" />
        <key id="KEY_8" mapto="8" flags="m" />
        <key id="KEY_9" mapto="9" flags="m" />
        <key id="KEY_0" mapto="0" flags="m" />
    </map>
</keymap>
