<?xml version="1.0" encoding="UTF-8" standalone="yes"?>
<addon id="script.loguploader" name="[COLOR blue][B]Painkiller Log Uploader[/B][/COLOR]" version="1.5" provider-name="[COLOR green]Painkiller[/COLOR]">
    <requires>
        <import addon="xbmc.python" version="2.20.0"/>
    </requires>
    <extension point="xbmc.python.script" library="default.py">
        <provides>executable</provides>
    </extension>
    <extension point="xbmc.addon.metadata">
        <summary>[COLOR green]LOG UPLOADER by Painkiller[/COLOR]</summary>
        <description></description>
        <language></language>
        <platform>all</platform>
    </extension>
</addon>

