<?xml version="1.0" encoding="UTF-8" standalone="yes"?>
<addon id="script.module.phate89" name="phate89 helper module" version="1.2.1+matrix.1" provider-name="phate89">
	<requires>
		<import addon="xbmc.python" version="3.0.0"/>
		<import addon="script.module.requests" version="2.9.1"/>
		<import addon="script.module.beautifulsoup4" version="4.3.1" />
		<import addon="script.module.html5lib" version="0.999.0"/>
	</requires>
	<extension point="xbmc.python.module" library="lib" />
	<extension point="xbmc.addon.metadata">
		<summary lang="en_GB">Helper module</summary>
		<description lang="en_GB">Helper module for addons</description>
		<summary lang="it_IT">Helper module</summary>
		<description lang="it_IT">Modulo di aiuto per gli addon</description>
		<platform>all</platform>
		<license>GPL-2.0-only</license>
		<source>https://github.com/phate89/script.module.phate89</source>
		<assets>
			<icon>resources/icon.png</icon>
		</assets>
	</extension>
</addon>
