<?xml version="1.0" encoding="UTF-8" standalone="yes"?>
<addon id="plugin.video.YTsports" name="YTsports" version="1.0.2" provider-name="linuxsat-team">
	<requires>
		<import addon="xbmc.python" version="2.19.0"/>
                <import addon="script.module.requests" version="2.12.4"/>
                <import addon="plugin.video.youtube" version="1.0.0"/>
	</requires>
	<extension point="xbmc.addon.metadata">
        <summary lang="en">Based on Youtube</summary>
        <description lang="en">Based on Youtube</description>

		<language></language>
		<platform>all</platform>
	</extension>
</addon>






