<?xml version="1.0" encoding="UTF-8" standalone="yes"?>
<addon id="plugin.video.motherless"
	   name="Motherless"
	   version="1.0.2"
	   provider-name="linuxsat-support team">
  <requires>
    <import addon="xbmc.python" version="2.1.0"/>
  </requires>
	   
  <extension point="xbmc.python.pluginsource"
			 library="default.py">
    	<provides>video</provides>
  </extension>
  <extension point="xbmc.addon.metadata">
    <summary>Adult(18+) videos from motherless.com</summary>
    <description>Adult(18+) videos from motherless.com</description>
    <platform>all</platform>
  </extension>
</addon>










